Email,First Name,Last Name,Hire Date,Type,Division,Country,Gender,Base Pay,Bonus,Equity (Shares)
Mclaughlin.Hernandez@fogodechao.co.uk,Mclaughlin,Hernandez,09/14/2016 ,Full-time,Front of house,USA,Female,71367,16066,1536
Kennedy.Wilkerson@fogodechao.co.uk,Kennedy,Wilkerson,12/28/2014 ,Full-time,Operations,USA,Male,132139,10531,1131
Palmer.George@fogodechao.co.uk,Palmer,George,10/14/2020 ,Full-time,Management,USA,Female,199912,19843,4059
Ellis.Watts@fogodechao.co.uk,Ellis,Watts,02/15/2017 ,Full-time,Management,USA,Female,235556,21686,4267
Lucas.Hall@fogodechao.co.uk,Lucas,Hall,08/22/2012 ,Full-time,Management,USA,Female,147016,14392,3885
Graham.Martin@fogodechao.co.uk,Graham,Martin,01/20/2017 ,Full-time,Operations,USA,Male,244099,12097,1901
Stokes.Hansen@fogodechao.co.uk,Stokes,Hansen,04/10/2016 ,Full-time,Operations,USA,Female,54442,8124,3138
Stewart.Garza@fogodechao.co.uk,Stewart,Garza,10/15/2012 ,Full-time,Front of house,USA,Male,262500,29073,867
Baker.Moore@fogodechao.co.uk,Baker,Moore,01/30/2014 ,Full-time,Management,USA,Female,270920,32892,4046
Lee.Ray@fogodechao.co.uk,Lee,Ray,02/07/2014 ,Full-time,Kitchen,USA,Female,136764,9436,2102
Lambert.Murray@fogodechao.co.uk,Lambert,Murray,07/17/2016 ,Full-time,Front of house,USA,Male,182689,30055,1388
Oliver.Gonzales@fogodechao.co.uk,Oliver,Gonzales,08/17/2015 ,Full-time,Management,USA,Male,71043,31481,2728
Robinson.Glover@fogodechao.co.uk,Robinson,Glover,02/11/2019 ,Full-time,Kitchen,USA,Female,109415,31337,3618
Leonard.West@fogodechao.co.uk,Leonard,West,10/29/2014 ,Full-time,Kitchen,USA,Female,173387,9691,1319
Hardy.Johnston@fogodechao.co.uk,Hardy,Johnston,05/10/2012 ,Full-time,Kitchen,USA,Male,226318,27942,1380
Carroll.Cox@fogodechao.co.uk,Carroll,Cox,02/01/2020 ,Full-time,Front of house,USA,Female,282767,33974,2725
Wilson.Rodgers@fogodechao.co.uk,Wilson,Rodgers,02/10/2020 ,Full-time,Management,USA,Female,232764,33549,1823
Simon.Evans@fogodechao.co.uk,Simon,Evans,09/27/2017 ,Full-time,Operations,USA,Female,224339,6238,4264
Montgomery.Holloway@fogodechao.co.uk,Montgomery,Holloway,03/21/2016 ,Full-time,Management,USA,Male,64856,22729,3476
Brock.Fernandez@fogodechao.co.uk,Brock,Fernandez,03/23/2016 ,Full-time,Front of house,USA,Female,87143,23460,1435
Townsend.Scott@fogodechao.co.uk,Townsend,Scott,04/29/2012 ,Full-time,Front of house,USA,Male,336618,22895,4058
Padilla.Gonzalez@fogodechao.co.uk,Padilla,Gonzalez,10/03/2015 ,Full-time,Front of house,USA,Female,334969,22745,2365
Franklin.Pope@fogodechao.co.uk,Franklin,Pope,12/21/2016 ,Full-time,Management,USA,Female,221220,16153,2190
Graves.Mccormick@fogodechao.co.uk,Graves,Mccormick,12/23/2014 ,Full-time,Management,USA,Male,311794,34446,4807
Bailey.Morales@fogodechao.co.uk,Bailey,Morales,01/27/2012 ,Full-time,Management,USA,Male,200393,14477,3008
Martin.Robbins@fogodechao.co.uk,Martin,Robbins,02/15/2016 ,Full-time,Front of house,USA,Female,334193,21796,3740
Hicks.Collier@fogodechao.co.uk,Hicks,Collier,03/27/2015 ,Full-time,Management,USA,Female,215504,25846,2164
Berry.Jacobs@fogodechao.co.uk,Berry,Jacobs,12/06/2012 ,Full-time,Kitchen,USA,Male,202448,31520,4390
Collins.Mckinney@fogodechao.co.uk,Collins,Mckinney,12/10/2012 ,Full-time,Management,USA,Female,138068,33659,2238
Rowe.Fowler@fogodechao.co.uk,Rowe,Fowler,03/13/2012 ,Full-time,Management,USA,Female,263255,29419,2381
Rodriquez.Carter@fogodechao.co.uk,Rodriquez,Carter,10/17/2019 ,Full-time,Operations,USA,Female,152273,13545,3154
Frazier.Warren@fogodechao.co.uk,Frazier,Warren,09/02/2015 ,Full-time,Management,USA,Male,301216,15324,2426
Cross.Steele@fogodechao.co.uk,Cross,Steele,01/09/2014 ,Full-time,Management,USA,Female,336712,27391,3588
Morton.Richards@fogodechao.co.uk,Morton,Richards,05/18/2015 ,Full-time,Operations,USA,Male,78783,26679,3981
Pena.Perry@fogodechao.co.uk,Pena,Perry,10/28/2017 ,Full-time,Operations,USA,Female,312149,29299,3128
Parks.Berry@fogodechao.co.uk,Parks,Berry,12/29/2017 ,Full-time,Front of house,USA,Female,60065,33383,3992
Owen.Cruz@fogodechao.co.uk,Owen,Cruz,04/08/2019 ,Full-time,Front of house,USA,Male,251307,34551,3588
Webster.Paul@fogodechao.co.uk,Webster,Paul,02/05/2012 ,Full-time,Front of house,USA,Male,316333,9596,598
Barrett.Obrien@fogodechao.co.uk,Barrett,Obrien,09/19/2013 ,Full-time,Kitchen,USA,Female,256320,33150,4512
Dean.Leonard@fogodechao.co.uk,Dean,Leonard,12/13/2017 ,Full-time,Management,USA,Female,312147,29987,4509
Hill.Massey@fogodechao.co.uk,Hill,Massey,01/14/2013 ,Full-time,Management,USA,Male,67693,8057,1478
Cummings.Floyd@fogodechao.co.uk,Cummings,Floyd,06/05/2012 ,Full-time,Front of house,USA,Female,278872,25309,3445
Mccoy.Ball@fogodechao.co.uk,Mccoy,Ball,04/15/2019 ,Full-time,Kitchen,USA,Female,163971,11249,3826
Campbell.Rivera@fogodechao.co.uk,Campbell,Rivera,01/30/2013 ,Full-time,Front of house,USA,Female,204825,21795,1062
Knight.Brooks@fogodechao.co.uk,Knight,Brooks,08/12/2020 ,Full-time,Front of house,USA,Male,272733,30884,3898
Burns.Burgess@fogodechao.co.uk,Burns,Burgess,05/23/2013 ,Full-time,Front of house,USA,Female,314913,16574,1190
Mitchell.Owen@fogodechao.co.uk,Mitchell,Owen,02/11/2015 ,Full-time,Operations,USA,Male,130435,21208,4326
Hart.Duncan@fogodechao.co.uk,Hart,Duncan,10/26/2014 ,Full-time,Kitchen,USA,Female,168476,12412,3122
Morgan.Osborne@fogodechao.co.uk,Morgan,Osborne,03/01/2018 ,Full-time,Operations,USA,Female,266795,8324,255
Potter.Dennis@fogodechao.co.uk,Potter,Dennis,02/06/2019 ,Full-time,Management,USA,Male,308229,19414,3084
Dixon.Campbell@fogodechao.co.uk,Dixon,Campbell,09/11/2015 ,Full-time,Management,USA,Male,176292,9741,925
Kim.Terry@fogodechao.co.uk,Kim,Terry,12/27/2015 ,Full-time,Front of house,USA,Female,319898,32768,1867
Henry.Reid@fogodechao.co.uk,Henry,Reid,03/07/2016 ,Full-time,Front of house,USA,Female,332108,8081,3509
Allen.Potter@fogodechao.co.uk,Allen,Potter,08/05/2013 ,Full-time,Operations,USA,Male,282341,33778,1496
Reeves.Dixon@fogodechao.co.uk,Reeves,Dixon,03/08/2012 ,Full-time,Kitchen,USA,Female,275262,11964,2159
George.Peterson@fogodechao.co.uk,George,Peterson,10/06/2019 ,Full-time,Management,USA,Female,289462,23904,3808
Horton.Maldonado@fogodechao.co.uk,Horton,Maldonado,07/21/2015 ,Full-time,Management,USA,Female,349825,23298,1748
Houston.Edwards@fogodechao.co.uk,Houston,Edwards,08/02/2019 ,Full-time,Kitchen,USA,Male,95723,26461,810
Briggs.Jennings@fogodechao.co.uk,Briggs,Jennings,07/31/2012 ,Full-time,Operations,USA,Female,113452,10725,1768
Bowen.Graves@fogodechao.co.uk,Bowen,Graves,02/16/2017 ,Full-time,Kitchen,USA,Male,259467,11592,3950
Nunez.Lloyd@fogodechao.co.uk,Nunez,Lloyd,06/05/2015 ,Full-time,Front of house,USA,Female,142373,7328,1760
Schneider.Robertson@fogodechao.co.uk,Schneider,Robertson,06/11/2012 ,Full-time,Front of house,USA,Female,263352,27525,2455
Watts.Poole@fogodechao.co.uk,Watts,Poole,09/13/2016 ,Full-time,Management,USA,Male,159933,18531,2861
Meyer.Sanders@fogodechao.co.uk,Meyer,Sanders,08/05/2014 ,Full-time,Management,USA,Male,101552,17962,1088
Page.Palmer@fogodechao.co.uk,Page,Palmer,02/28/2016 ,Full-time,Front of house,USA,Female,230126,25923,957
Bishop.Burke@fogodechao.co.uk,Bishop,Burke,09/23/2020 ,Full-time,Management,USA,Female,102732,23232,4255
Roberts.Buchanan@fogodechao.co.uk,Roberts,Buchanan,12/26/2017 ,Full-time,Management,USA,Male,228945,17245,4329
Moran.Howard@fogodechao.co.uk,Moran,Howard,11/12/2013 ,Full-time,Management,USA,Female,256464,18273,1286
Woods.Rodriguez@fogodechao.co.uk,Woods,Rodriguez,01/11/2013 ,Full-time,Kitchen,USA,Female,300066,33454,3225
Griffith.Sims@fogodechao.co.uk,Griffith,Sims,04/18/2019 ,Full-time,Front of house,USA,Female,235517,33447,809
Zimmerman.Hodges@fogodechao.co.uk,Zimmerman,Hodges,11/21/2019 ,Full-time,Front of house,USA,Male,235120,17007,1246
Lowe.Mason@fogodechao.co.uk,Lowe,Mason,01/30/2012 ,Full-time,Operations,USA,Female,238549,27464,4574
Summers.Robinson@fogodechao.co.uk,Summers,Robinson,10/14/2012 ,Full-time,Operations,Canada,Male,239562,31140,4817
Bryant.Gomez@fogodechao.co.uk,Bryant,Gomez,07/18/2013 ,Full-time,Kitchen,Canada,Female,244893,25027,746
Moore.Tucker@fogodechao.co.uk,Moore,Tucker,02/28/2016 ,Full-time,Management,Canada,Female,80501,16792,2402
Ball.Silva@fogodechao.co.uk,Ball,Silva,03/18/2018 ,Full-time,Operations,Canada,Male,175743,31998,2648
Adkins.Bush@fogodechao.co.uk,Adkins,Bush,11/28/2016 ,Full-time,Kitchen,Canada,Male,125525,28787,4047
Fernandez.Harris@fogodechao.co.uk,Fernandez,Harris,06/29/2014 ,Full-time,Management,Canada,Female,118530,13973,3913
Larson.Shaw@fogodechao.co.uk,Larson,Shaw,05/04/2019 ,Full-time,Kitchen,Canada,Female,156552,32235,4868
Olson.Lowe@fogodechao.co.uk,Olson,Lowe,08/03/2014 ,Full-time,Front of house,Canada,Male,89037,26191,4176
Cox.Figueroa@fogodechao.co.uk,Cox,Figueroa,11/08/2012 ,Full-time,Management,Canada,Female,79633,28483,4453
Holmes.Conner@fogodechao.co.uk,Holmes,Conner,04/06/2018 ,Full-time,Management,Canada,Female,308696,10578,2159
Welch.Moreno@fogodechao.co.uk,Welch,Moreno,11/05/2014 ,Full-time,Operations,Canada,Female,338564,6724,653
Adams.Hampton@fogodechao.co.uk,Adams,Hampton,03/01/2015 ,Full-time,Kitchen,Canada,Male,250392,27653,1099
Ramirez.Dunn@fogodechao.co.uk,Ramirez,Dunn,04/22/2017 ,Full-time,Kitchen,Canada,Female,230400,11636,2985
Romero.Cross@fogodechao.co.uk,Romero,Cross,12/28/2014 ,Full-time,Management,Canada,Male,293615,34808,2945
Cunningham.Zimmerman@fogodechao.co.uk,Cunningham,Zimmerman,11/18/2013 ,Full-time,Kitchen,Canada,Female,332430,25370,1742
Armstrong.Curtis@fogodechao.co.uk,Armstrong,Curtis,03/29/2014 ,Full-time,Management,Canada,Female,147727,34495,338
Ryan.Caldwell@fogodechao.co.uk,Ryan,Caldwell,02/25/2019 ,Full-time,Front of house,Canada,Male,136829,12191,2024
Brooks.Neal@fogodechao.co.uk,Brooks,Neal,12/24/2016 ,Full-time,Front of house,Canada,Male,272444,21700,1555
Peters.Myers@fogodechao.co.uk,Peters,Myers,11/03/2017 ,Full-time,Operations,Canada,Female,326070,9434,588
Blake.Vargas@fogodechao.co.uk,Blake,Vargas,03/26/2020 ,Full-time,Management,Canada,Female,120768,10524,4074
Harrison.Ortiz@fogodechao.co.uk,Harrison,Ortiz,11/02/2016 ,Full-time,Operations,Canada,Male,51535,25991,929
Hines.Hill@fogodechao.co.uk,Hines,Hill,07/03/2016 ,Full-time,Operations,Canada,Female,136689,23109,1447
Greene.Kelley@fogodechao.co.uk,Greene,Kelley,04/26/2017 ,Full-time,Operations,Canada,Female,227198,32166,427
Mitchell.Elliott@fogodechao.co.uk,Mitchell,Elliott,11/30/2016 ,Full-time,Operations,Canada,Female,100457,20299,2988
Moss.Mack@fogodechao.co.uk,Moss,Mack,01/31/2013 ,Full-time,Management,Canada,Male,281311,17877,2873
Colon.Martin@fogodechao.co.uk,Colon,Martin,07/29/2015 ,Full-time,Kitchen,Canada,Female,69523,23137,1062
Vaughn.Edwards@fogodechao.co.uk,Vaughn,Edwards,10/17/2015 ,Full-time,Operations,Canada,Male,134937,17085,2014
Cox.Gonzalez@fogodechao.co.uk,Cox,Gonzalez,02/16/2019 ,Full-time,Management,Canada,Female,346709,25550,4821
Mckenzie.Cain@fogodechao.co.uk,Mckenzie,Cain,04/15/2018 ,Full-time,Management,Canada,Female,165505,25304,4290
Ruiz.Campbell@fogodechao.co.uk,Ruiz,Campbell,03/27/2019 ,Full-time,Management,Canada,Male,349518,9267,3957
Duncan.Tucker@fogodechao.co.uk,Duncan,Tucker,07/28/2015 ,Full-time,Operations,Canada,Male,168630,34320,2201
Stevens.Duncan@fogodechao.co.uk,Stevens,Duncan,07/06/2015 ,Full-time,Front of house,Canada,Female,129226,33372,2996
Townsend.Blake@fogodechao.co.uk,Townsend,Blake,09/18/2013 ,Full-time,Management,Canada,Female,111193,23637,4627
Padilla.Lucas@fogodechao.co.uk,Padilla,Lucas,09/05/2018 ,Full-time,Management,Canada,Male,52469,32038,3868
Stewart.Page@fogodechao.co.uk,Stewart,Page,07/15/2019 ,Full-time,Management,Canada,Female,139577,19542,1898
Gonzalez.Tyler@fogodechao.co.uk,Gonzalez,Tyler,02/27/2019 ,Full-time,Front of house,Canada,Female,233669,9879,2787
Salazar.Woods@fogodechao.co.uk,Salazar,Woods,01/01/2012 ,Full-time,Front of house,Canada,Female,316515,11306,1862
Weaver.Pratt@fogodechao.co.uk,Weaver,Pratt,05/12/2013 ,Full-time,Front of house,Canada,Male,207201,6258,3324
Hopkins.Mccarthy@fogodechao.co.uk,Hopkins,Mccarthy,05/23/2016 ,Full-time,Kitchen,Canada,Female,124658,17742,2843
Banks.Watts@fogodechao.co.uk,Banks,Watts,05/30/2015 ,Full-time,Operations,Canada,Male,294987,15973,3786
Castillo.Hampton@fogodechao.co.uk,Castillo,Hampton,05/10/2020 ,Full-time,Kitchen,Canada,Female,200714,27445,3057
Willis.Lewis@fogodechao.co.uk,Willis,Lewis,08/13/2014 ,Full-time,Operations,Canada,Female,52865,29207,3990
Ingram.Phelps@fogodechao.co.uk,Ingram,Phelps,05/07/2012 ,Full-time,Kitchen,Canada,Male,332069,28732,3332
Franklin.Marshall@fogodechao.co.uk,Franklin,Marshall,08/01/2014 ,Full-time,Operations,Canada,Male,250501,33449,3964
Rivera.Bass@fogodechao.co.uk,Rivera,Bass,12/16/2017 ,Full-time,Operations,Canada,Female,192623,12592,2194
Wilkerson.Buchanan@fogodechao.co.uk,Wilkerson,Buchanan,11/29/2017 ,Full-time,Management,Canada,Female,270682,22190,935
Jenkins.Alvarado@fogodechao.co.uk,Jenkins,Alvarado,07/26/2012 ,Full-time,Kitchen,Canada,Male,86539,10058,750
Guzman.Riley@fogodechao.co.uk,Guzman,Riley,08/03/2019 ,Full-time,Kitchen,Canada,Female,274015,9431,2697
Harris.Guzman@fogodechao.co.uk,Harris,Guzman,05/20/2013 ,Full-time,Kitchen,Canada,Female,264063,30071,4794
Becker.Jackson@fogodechao.co.uk,Becker,Jackson,10/01/2019 ,Full-time,Management,Canada,Female,105407,17524,2654
Foster.Castro@fogodechao.co.uk,Foster,Castro,02/25/2015 ,Full-time,Kitchen,Canada,Male,293687,6043,600
Cook.Nelson@fogodechao.co.uk,Cook,Nelson,05/27/2014 ,Full-time,Front of house,Canada,Female,289739,7261,4887
Burke.Richards@fogodechao.co.uk,Burke,Richards,06/12/2020 ,Full-time,Management,Canada,Male,305034,9779,920
Joseph.Burns@fogodechao.co.uk,Joseph,Burns,01/07/2013 ,Full-time,Operations,Canada,Female,344775,14238,1867
Walton.Reid@fogodechao.co.uk,Walton,Reid,12/17/2016 ,Full-time,Kitchen,Canada,Female,202580,27856,3596
Davis.Valdez@fogodechao.co.uk,Davis,Valdez,08/28/2016 ,Full-time,Management,Canada,Male,314297,27448,4295
Ballard.Fowler@fogodechao.co.uk,Ballard,Fowler,10/30/2014 ,Full-time,Operations,Canada,Male,304319,11193,3741
Allison.Grant@fogodechao.co.uk,Allison,Grant,01/06/2020 ,Full-time,Management,Canada,Female,273155,34141,1018
Walsh.Harris@fogodechao.co.uk,Walsh,Harris,02/27/2018 ,Full-time,Front of house,Canada,Female,287803,20200,4172
Tyler.Waters@fogodechao.co.uk,Tyler,Waters,01/09/2014 ,Full-time,Management,Canada,Male,347966,32209,1663
Day.Goodwin@fogodechao.co.uk,Day,Goodwin,09/15/2017 ,Full-time,Operations,Canada,Female,279502,9196,2570
Morgan.Mckenzie@fogodechao.co.uk,Morgan,Mckenzie,10/12/2016 ,Full-time,Kitchen,Canada,Female,188357,12332,3316
Jordan.Sharp@fogodechao.co.uk,Jordan,Sharp,03/24/2019 ,Full-time,Front of house,Canada,Female,150459,14517,3886
Lopez.Logan@fogodechao.co.uk,Lopez,Logan,10/27/2012 ,Full-time,Kitchen,Canada,Male,233454,32784,3489
Miles.Matthews@fogodechao.co.uk,Miles,Matthews,02/21/2016 ,Full-time,Front of house,Canada,Female,193129,12472,335
Parsons.Henderson@fogodechao.co.uk,Parsons,Henderson,05/24/2014 ,Full-time,Operations,Canada,Male,285923,5590,1236
Mendoza.Neal@fogodechao.co.uk,Mendoza,Neal,05/04/2016 ,Full-time,Operations,Canada,Female,259839,31890,2781
Alvarado.Roberson@fogodechao.co.uk,Alvarado,Roberson,04/13/2017 ,Full-time,Management,Canada,Female,333775,6180,1896
Boyd.Clark@fogodechao.co.uk,Boyd,Clark,01/26/2012 ,Full-time,Front of house,Canada,Male,275830,20467,3647
Gordon.Wise@fogodechao.co.uk,Gordon,Wise,08/04/2019 ,Full-time,Front of house,Canada,Male,157989,17665,1103
Rhodes.Morrison@fogodechao.co.uk,Rhodes,Morrison,02/05/2015 ,Full-time,Management,Canada,Female,149341,32491,2244
Henderson.Nguyen@fogodechao.co.uk,Henderson,Nguyen,05/09/2018 ,Full-time,Front of house,Canada,Female,339544,22200,2364
Hunter.Rodgers@fogodechao.co.uk,Hunter,Rodgers,08/11/2015 ,Full-time,Management,Canada,Male,193751,15661,595
Nguyen.Evans@fogodechao.co.uk,Nguyen,Evans,12/06/2019 ,Full-time,Kitchen,Canada,Female,214257,13926,3087
Wood.Morgan@fogodechao.co.uk,Wood,Morgan,05/02/2013 ,Full-time,Operations,Canada,Female,64457,33234,4833
Hudson.Barnes@fogodechao.co.uk,Hudson,Barnes,11/24/2016 ,Full-time,Operations,Canada,Female,335431,10514,1740
Abbott.Oliver@fogodechao.co.uk,Abbott,Oliver,01/23/2014 ,Full-time,Management,Canada,Male,335941,10364,1077
Hicks.Mcgee@fogodechao.co.uk,Hicks,Mcgee,05/19/2016 ,Full-time,Management,Canada,Female,290546,9431,1395
Higgins.Santos@fogodechao.co.uk,Higgins,Santos,10/07/2020 ,Full-time,Front of house,Canada,Male,115090,9300,263
Christensen.Glover@fogodechao.co.uk,Christensen,Glover,06/01/2016 ,Full-time,Front of house,Canada,Female,285030,22689,2069
Nunez.Hawkins@fogodechao.co.uk,Nunez,Hawkins,02/23/2016 ,Full-time,Front of house,Canada,Female,96163,8231,3578
Lynch.Briggs@fogodechao.co.uk,Lynch,Briggs,04/23/2014 ,Full-time,Front of house,Canada,Male,121437,20042,1095
Simmons.Simmons@fogodechao.co.uk,Simmons,Simmons,08/22/2014 ,Full-time,Operations,Canada,Male,283904,23155,4636
King.Schmidt@fogodechao.co.uk,King,Schmidt,12/18/2017 ,Full-time,Kitchen,Canada,Female,62682,24526,2489
Hayes.Cortez@fogodechao.co.uk,Hayes,Cortez,06/06/2015 ,Full-time,Management,Canada,Female,232122,15914,3585
Sandoval.Lambert@fogodechao.co.uk,Sandoval,Lambert,02/21/2020 ,Full-time,Management,Canada,Male,177287,10234,4092
Wheeler.Mitchell@fogodechao.co.uk,Wheeler,Mitchell,05/14/2018 ,Full-time,Operations,Canada,Female,337856,31319,3233
Murphy.Boone@fogodechao.co.uk,Murphy,Boone,12/13/2016 ,Full-time,Kitchen,Canada,Female,241638,23106,1482
Olson.Hudson@fogodechao.co.uk,Olson,Hudson,03/16/2020 ,Full-time,Operations,Canada,Female,270261,14232,4842
Bates.Diaz@fogodechao.co.uk,Bates,Diaz,08/02/2012 ,Full-time,Operations,Canada,Male,114933,16768,3816
Goodman.Harrington@fogodechao.co.uk,Goodman,Harrington,12/15/2014 ,Full-time,Kitchen,Canada,Female,339363,8046,1468
Russell.Garcia@fogodechao.co.uk,Russell,Garcia,09/19/2019 ,Full-time,Kitchen,Canada,Male,57411,32151,1570
Singleton.Ford@fogodechao.co.uk,Singleton,Ford,09/23/2014 ,Full-time,Management,Canada,Female,63173,14435,3396
Santos.Bryant@fogodechao.co.uk,Santos,Bryant,10/24/2016 ,Full-time,Kitchen,Canada,Female,85514,15943,4218
Porter.Bowman@fogodechao.co.uk,Porter,Bowman,12/15/2015 ,Full-time,Management,Mexico,Male,144371,31423,4250
Martinez.Farmer@fogodechao.co.uk,Martinez,Farmer,05/09/2015 ,Full-time,Front of house,Mexico,Male,53628,24869,1976
Jimenez.Bailey@fogodechao.co.uk,Jimenez,Bailey,11/07/2016 ,Full-time,Management,Mexico,Female,254709,8059,569
Brewer.Palmer@fogodechao.co.uk,Brewer,Palmer,12/10/2019 ,Full-time,Management,Mexico,Female,206974,6991,3116
Webster.Nunez@fogodechao.co.uk,Webster,Nunez,11/19/2019 ,Full-time,Operations,Mexico,Male,245260,22568,1987
Barker.Johnston@fogodechao.co.uk,Barker,Johnston,12/30/2016 ,Full-time,Operations,Mexico,Female,290669,10418,4951
Wallace.Smith@fogodechao.co.uk,Wallace,Smith,07/10/2016 ,Full-time,Operations,Mexico,Female,61652,18768,2522
Young.Cohen@fogodechao.co.uk,Young,Cohen,06/20/2019 ,Full-time,Front of house,Mexico,Female,232310,14065,4047
Robinson.Carson@fogodechao.co.uk,Robinson,Carson,06/24/2015 ,Full-time,Kitchen,Mexico,Male,204047,19346,3688
Austin.Hunt@fogodechao.co.uk,Austin,Hunt,07/05/2018 ,Full-time,Kitchen,Mexico,Female,245269,29603,1326
Summers.Garza@fogodechao.co.uk,Summers,Garza,05/10/2016 ,Full-time,Kitchen,Mexico,Male,254694,33038,742
Sanders.Bush@fogodechao.co.uk,Sanders,Bush,12/31/2012 ,Full-time,Kitchen,Mexico,Female,256839,23906,748
Burns.Davis@fogodechao.co.uk,Burns,Davis,07/22/2016 ,Full-time,Operations,Mexico,Female,116222,14119,381
Gardner.Daniel@fogodechao.co.uk,Gardner,Daniel,06/21/2020 ,Full-time,Operations,Mexico,Male,118519,23342,3816
Chambers.Allen@fogodechao.co.uk,Chambers,Allen,07/02/2012 ,Full-time,Management,Mexico,Male,159322,29323,1291
Blair.Clarke@fogodechao.co.uk,Blair,Clarke,02/27/2012 ,Full-time,Front of house,Mexico,Female,188311,30244,2277
Bowers.Wright@fogodechao.co.uk,Bowers,Wright,11/12/2019 ,Full-time,Management,Mexico,Female,118424,33752,515
Kim.Lindsey@fogodechao.co.uk,Kim,Lindsey,05/25/2018 ,Full-time,Management,Mexico,Male,294101,24822,849
Farmer.Horton@fogodechao.co.uk,Farmer,Horton,03/28/2012 ,Full-time,Kitchen,Mexico,Female,194073,15694,1795
Williamson.Sims@fogodechao.co.uk,Williamson,Sims,03/30/2019 ,Full-time,Front of house,Mexico,Female,119337,11686,2481
Ray.Robertson@fogodechao.co.uk,Ray,Robertson,09/01/2012 ,Full-time,Operations,Mexico,Female,338463,14556,4745
Butler.Norton@fogodechao.co.uk,Butler,Norton,07/24/2013 ,Full-time,Kitchen,Mexico,Male,81145,14697,935
Adkins.Patrick@fogodechao.co.uk,Adkins,Patrick,10/02/2015 ,Full-time,Operations,Mexico,Female,172551,22521,4602
Walker.Martinez@fogodechao.co.uk,Walker,Martinez,01/03/2016 ,Full-time,Management,Mexico,Male,152919,11174,4182
Wade.Sandoval@fogodechao.co.uk,Wade,Sandoval,05/25/2019 ,Full-time,Kitchen,Mexico,Female,104402,26958,1231
Stanley.Allison@fogodechao.co.uk,Stanley,Allison,09/24/2015 ,Full-time,Front of house,Mexico,Female,76625,26314,446
Palmer.Spencer@fogodechao.co.uk,Palmer,Spencer,09/05/2016 ,Full-time,Operations,Mexico,Male,281633,34085,347
Hoffman.Quinn@fogodechao.co.uk,Hoffman,Quinn,03/29/2013 ,Full-time,Management,Mexico,Male,74746,8741,1352
Gill.Gordon@fogodechao.co.uk,Gill,Gordon,09/21/2020 ,Full-time,Front of house,Mexico,Female,131301,17970,275
Leonard.Haynes@fogodechao.co.uk,Leonard,Haynes,11/05/2013 ,Full-time,Kitchen,Mexico,Female,250306,34051,4326
Mcdonald.Bishop@fogodechao.co.uk,Mcdonald,Bishop,04/17/2015 ,Full-time,Front of house,Mexico,Male,297239,11870,3282
Sutton.Kim@fogodechao.co.uk,Sutton,Kim,04/18/2019 ,Full-time,Operations,Mexico,Female,340566,28462,4476
Norman.James@fogodechao.co.uk,Norman,James,08/19/2020 ,Full-time,Operations,Mexico,Female,115945,22400,1815
Park.Blair@fogodechao.co.uk,Park,Blair,07/07/2013 ,Full-time,Kitchen,Mexico,Female,272415,24032,1538
Chavez.Gilbert@fogodechao.co.uk,Chavez,Gilbert,06/12/2017 ,Full-time,Operations,Mexico,Male,308553,21722,4108
Jones.Hamilton@fogodechao.co.uk,Jones,Hamilton,07/12/2018 ,Full-time,Kitchen,Mexico,Female,98164,29409,2010
Reynolds.Herrera@fogodechao.co.uk,Reynolds,Herrera,11/03/2014 ,Full-time,Management,Mexico,Male,180058,25377,2678
Tucker.Schultz@fogodechao.co.uk,Tucker,Schultz,06/22/2017 ,Full-time,Front of house,Mexico,Female,87806,15134,4219
Barrett.Welch@fogodechao.co.uk,Barrett,Welch,02/23/2018 ,Full-time,Management,Mexico,Female,296734,27199,4315
Holt.Pearson@fogodechao.co.uk,Holt,Pearson,03/28/2019 ,Full-time,Operations,Mexico,Male,250398,30013,4317
Moreno.Romero@fogodechao.co.uk,Moreno,Romero,01/09/2019 ,Full-time,Front of house,Mexico,Male,242806,22262,3873
Ortiz.Cook@fogodechao.co.uk,Ortiz,Cook,12/05/2014 ,Full-time,Kitchen,Mexico,Female,268450,20170,1922
Vega.Carr@fogodechao.co.uk,Vega,Carr,10/24/2013 ,Full-time,Operations,Mexico,Female,219455,12537,2266
Jennings.Newman@fogodechao.co.uk,Jennings,Newman,01/15/2014 ,Full-time,Operations,Mexico,Male,321777,26431,1805
Watson.Saunders@fogodechao.co.uk,Watson,Saunders,07/23/2020 ,Full-time,Operations,Mexico,Female,93233,7551,1061
Lewis.Lowe@fogodechao.co.uk,Lewis,Lowe,05/25/2017 ,Full-time,Operations,Mexico,Female,123010,21795,3179
Bridges.Ward@fogodechao.co.uk,Bridges,Ward,02/07/2012 ,Full-time,Front of house,Mexico,Female,152680,22018,4937
Clarke.Singleton@fogodechao.co.uk,Clarke,Singleton,06/05/2018 ,Full-time,Management,Mexico,Male,327614,23423,1630
Gomez.Black@fogodechao.co.uk,Gomez,Black,11/15/2015 ,Full-time,Operations,Mexico,Female,247735,7238,4668
Wong.Wolfe@fogodechao.co.uk,Wong,Wolfe,05/10/2016 ,Full-time,Operations,Mexico,Male,134150,28774,2659
Blake.Howell@fogodechao.co.uk,Blake,Howell,08/21/2018 ,Full-time,Operations,Mexico,Female,250528,31713,4510
Warner.Holloway@fogodechao.co.uk,Warner,Holloway,08/14/2016 ,Full-time,Kitchen,Mexico,Female,148558,9683,3205
Valdez.Carter@fogodechao.co.uk,Valdez,Carter,08/01/2015 ,Full-time,Kitchen,Mexico,Male,207100,29133,2263
Cobb.Tran@fogodechao.co.uk,Cobb,Tran,03/15/2018 ,Full-time,Front of house,Mexico,Male,142773,28570,371
Harvey.West@fogodechao.co.uk,Harvey,West,04/09/2018 ,Full-time,Operations,Mexico,Female,62540,27483,679
Lane.Swanson@fogodechao.co.uk,Lane,Swanson,10/14/2018 ,Full-time,Management,Mexico,Female,291414,23166,2746
Mckinney.Fox@fogodechao.co.uk,Mckinney,Fox,04/16/2017 ,Full-time,Management,Mexico,Male,177754,13034,1725
Reeves.Fields@fogodechao.co.uk,Reeves,Fields,12/31/2014 ,Full-time,Management,Mexico,Female,330701,26862,3711
Stokes.Andrews@fogodechao.co.uk,Stokes,Andrews,06/14/2020 ,Full-time,Operations,Mexico,Female,63118,28182,1632
Crawford.Cole@fogodechao.co.uk,Crawford,Cole,03/17/2020 ,Full-time,Operations,Mexico,Female,60328,32133,347
Silva.Thornton@fogodechao.co.uk,Silva,Thornton,02/19/2015 ,Full-time,Front of house,Mexico,Male,336098,30713,1679
Fisher.Boyd@fogodechao.co.uk,Fisher,Boyd,02/26/2015 ,Full-time,Management,Mexico,Female,254789,6626,4744
Hughes.Montgomery@fogodechao.co.uk,Hughes,Montgomery,08/16/2013 ,Full-time,Kitchen,Mexico,Male,280548,34857,3618
Phelps.Wood@fogodechao.co.uk,Phelps,Wood,08/18/2016 ,Full-time,Front of house,Mexico,Female,239299,24814,1329
Terry.Salazar@fogodechao.co.uk,Terry,Salazar,02/05/2020 ,Full-time,Management,Mexico,Female,315734,30270,2635
Bell.Mcdaniel@fogodechao.co.uk,Bell,Mcdaniel,02/12/2017 ,Full-time,Kitchen,Mexico,Male,216192,6922,2411
Bryan.Cross@fogodechao.co.uk,Bryan,Cross,12/27/2017 ,Full-time,Kitchen,Mexico,Male,94184,12902,792
Peterson.Sanchez@fogodechao.co.uk,Peterson,Sanchez,03/18/2012 ,Full-time,Kitchen,Mexico,Female,53299,34497,3598
Watts.Hunter@fogodechao.co.uk,Watts,Hunter,12/23/2019 ,Full-time,Front of house,Mexico,Female,80037,26188,283
Osborne.Young@fogodechao.co.uk,Osborne,Young,03/03/2019 ,Full-time,Management,Mexico,Male,314081,12123,4977
Cole.Clayton@fogodechao.co.uk,Cole,Clayton,05/09/2019 ,Full-time,Operations,Mexico,Female,284991,26607,1603
Bryant.Barton@fogodechao.co.uk,Bryant,Barton,09/01/2012 ,Full-time,Management,Mexico,Female,154686,21557,3617
Swanson.Curtis@fogodechao.co.uk,Swanson,Curtis,02/15/2019 ,Full-time,Front of house,Mexico,Female,159930,13376,624
Frazier.Knight@fogodechao.co.uk,Frazier,Knight,01/19/2012 ,Full-time,Front of house,Mexico,Male,330435,31607,4834
Conner.Little@fogodechao.co.uk,Conner,Little,08/27/2013 ,Full-time,Front of house,Mexico,Female,316766,28140,4289
Armstrong.Anderson@fogodechao.co.uk,Armstrong,Anderson,02/27/2019 ,Full-time,Management,Mexico,Male,222267,19497,4292
Grant.Morris@fogodechao.co.uk,Grant,Morris,04/30/2016 ,Full-time,Management,Mexico,Female,157746,15365,2388
Owens.Mcbride@fogodechao.co.uk,Owens,Mcbride,10/02/2019 ,Full-time,Management,Mexico,Female,344817,9368,1866
Maxwell.Zimmerman@fogodechao.co.uk,Maxwell,Zimmerman,10/04/2014 ,Full-time,Front of house,Mexico,Male,215567,32365,4166
Wells.Walton@fogodechao.co.uk,Wells,Walton,01/06/2014 ,Full-time,Management,Mexico,Male,337905,10009,4115
Boone.Goodman@fogodechao.co.uk,Boone,Goodman,12/24/2013 ,Full-time,Kitchen,Mexico,Female,345810,16013,3240
Gray.Ortiz@fogodechao.co.uk,Gray,Ortiz,05/05/2017 ,Full-time,Management,Mexico,Female,195538,22930,4308
Briggs.Wilson@fogodechao.co.uk,Briggs,Wilson,10/11/2013 ,Full-time,Management,Mexico,Male,240532,12512,2073
Ramos.Baldwin@fogodechao.co.uk,Ramos,Baldwin,04/22/2016 ,Full-time,Operations,Mexico,Female,133352,6787,897
Ford.Moore@fogodechao.co.uk,Ford,Moore,01/29/2014 ,Full-time,Management,Mexico,Female,301982,16980,1267
Black.Robbins@fogodechao.co.uk,Black,Robbins,05/23/2012 ,Full-time,Management,Mexico,Female,63054,18783,3600
Holland.Park@fogodechao.co.uk,Holland,Park,01/15/2012 ,Full-time,Operations,Mexico,Male,232124,16769,2308
Owen.Turner@fogodechao.co.uk,Owen,Turner,12/06/2015 ,Full-time,Operations,Mexico,Female,104888,16381,4444
Newton.Klein@fogodechao.co.uk,Newton,Klein,12/15/2014 ,Full-time,Front of house,Mexico,Male,215670,20356,2368
Wagner.Potter@fogodechao.co.uk,Wagner,Potter,07/03/2019 ,Full-time,Front of house,Mexico,Female,147026,31194,859
Marshall.Snyder@fogodechao.co.uk,Marshall,Snyder,01/18/2020 ,Full-time,Front of house,Mexico,Female,127979,16224,4048
Robbins.Estrada@fogodechao.co.uk,Robbins,Estrada,01/15/2015 ,Full-time,Kitchen,Mexico,Male,166075,33774,2126
Sanchez.Strickland@fogodechao.co.uk,Sanchez,Strickland,08/21/2017 ,Full-time,Management,Mexico,Male,302467,30453,710
Hernandez.Gross@fogodechao.co.uk,Hernandez,Gross,08/01/2019 ,Full-time,Management,Mexico,Female,345944,22572,516
Brady.Stephens@fogodechao.co.uk,Brady,Stephens,07/03/2016 ,Full-time,Front of house,Mexico,Female,201004,29262,3186
Tran.Massey@fogodechao.co.uk,Tran,Massey,08/27/2013 ,Full-time,Kitchen,Mexico,Male,238912,34961,4018
Nichols.Brooks@fogodechao.co.uk,Nichols,Brooks,05/20/2018 ,Full-time,Front of house,Mexico,Female,316539,6311,4530
Luna.Floyd@fogodechao.co.uk,Luna,Floyd,07/24/2017 ,Full-time,Front of house,Mexico,Female,347413,19249,4359
Buchanan.Brown@fogodechao.co.uk,Buchanan,Brown,11/16/2012 ,Full-time,Front of house,Mexico,Female,77284,6354,317
Saunders.Pope@fogodechao.co.uk,Saunders,Pope,09/18/2020 ,Full-time,Operations,Mexico,Male,99522,29567,2472
Matthews.Morton@fogodechao.co.uk,Matthews,Morton,09/10/2019 ,Full-time,Kitchen,Mexico,Female,239140,11929,3634
Moran.Stokes@fogodechao.co.uk,Moran,Stokes,11/12/2016 ,Full-time,Operations,Mexico,Male,90670,30162,560
Myers.Crawford@fogodechao.co.uk,Myers,Crawford,02/20/2012 ,Full-time,Management,Mexico,Female,92017,32621,1249
Vasquez.Harvey@fogodechao.co.uk,Vasquez,Harvey,07/22/2016 ,Full-time,Management,Mexico,Female,270741,15555,2554
Jackson.Reyes@fogodechao.co.uk,Jackson,Reyes,02/18/2012 ,Full-time,Front of house,Mexico,Male,144498,17112,579
Norris.Figueroa@fogodechao.co.uk,Norris,Figueroa,03/14/2014 ,Full-time,Front of house,Mexico,Male,206013,31957,488
Andrews.Houston@fogodechao.co.uk,Andrews,Houston,02/06/2019 ,Full-time,Operations,Mexico,Female,223391,13850,3261
Parks.Cunningham@fogodechao.co.uk,Parks,Cunningham,12/25/2015 ,Full-time,Kitchen,Ireland,Female,140015,9569,2514
Woods.Holt@fogodechao.co.uk,Woods,Holt,11/09/2017 ,Full-time,Management,Ireland,Male,231032,29479,2148
Sherman.Reynolds@fogodechao.co.uk,Sherman,Reynolds,01/16/2018 ,Full-time,Management,Ireland,Female,323410,6012,659
Klein.Huff@fogodechao.co.uk,Klein,Huff,04/30/2020 ,Full-time,Kitchen,Ireland,Female,89103,34282,758
Sims.Jacobs@fogodechao.co.uk,Sims,Jacobs,10/15/2014 ,Full-time,Operations,Ireland,Female,106039,16368,4193
Riley.Newton@fogodechao.co.uk,Riley,Newton,07/16/2014 ,Full-time,Kitchen,Ireland,Male,247358,33529,4932
Romero.Patterson@fogodechao.co.uk,Romero,Patterson,09/07/2015 ,Full-time,Front of house,Ireland,Female,227446,11575,2612
Perkins.Ferguson@fogodechao.co.uk,Perkins,Ferguson,06/05/2013 ,Full-time,Front of house,Ireland,Male,307853,32143,1501
Meyer.Soto@fogodechao.co.uk,Meyer,Soto,01/03/2014 ,Full-time,Management,Ireland,Female,243797,32637,3511
Huff.Lamb@fogodechao.co.uk,Huff,Lamb,02/06/2015 ,Full-time,Management,Ireland,Female,289402,9027,3309
Mcguire.Flores@fogodechao.co.uk,Mcguire,Flores,11/26/2013 ,Full-time,Front of house,Ireland,Male,143940,27835,1443
Nelson.Mann@fogodechao.co.uk,Nelson,Mann,06/24/2012 ,Full-time,Management,Ireland,Male,76790,24213,3223
Strickland.Banks@fogodechao.co.uk,Strickland,Banks,01/21/2013 ,Full-time,Management,Ireland,Female,341584,25800,896
Maldonado.Walsh@fogodechao.co.uk,Maldonado,Walsh,04/21/2014 ,Full-time,Management,Ireland,Female,331687,26917,4502
Carpenter.Long@fogodechao.co.uk,Carpenter,Long,09/19/2013 ,Full-time,Kitchen,Ireland,Male,53714,31380,4511
Mathis.Watson@fogodechao.co.uk,Mathis,Watson,07/27/2019 ,Full-time,Front of house,Ireland,Female,77384,26540,3366
Griffin.Simon@fogodechao.co.uk,Griffin,Simon,08/24/2016 ,Full-time,Front of house,Ireland,Female,328537,18612,2827
Lloyd.Bridges@fogodechao.co.uk,Lloyd,Bridges,12/11/2019 ,Full-time,Operations,Ireland,Female,59771,15278,3806
Schmidt.Bryan@fogodechao.co.uk,Schmidt,Bryan,07/03/2020 ,Full-time,Operations,Ireland,Male,123151,12414,3078
Lamb.Wilkerson@fogodechao.co.uk,Lamb,Wilkerson,02/02/2013 ,Full-time,Kitchen,Ireland,Female,293561,12666,1435
Patrick.Rowe@fogodechao.co.uk,Patrick,Rowe,09/09/2013 ,Full-time,Management,Ireland,Male,251927,23856,2457
Benson.Austin@fogodechao.co.uk,Benson,Austin,03/12/2016 ,Full-time,Operations,Ireland,Female,308979,18064,4521
West.Frazier@fogodechao.co.uk,West,Frazier,08/14/2016 ,Full-time,Kitchen,Ireland,Female,79822,31060,1117
Snyder.Wagner@fogodechao.co.uk,Snyder,Wagner,07/08/2018 ,Full-time,Management,Ireland,Male,280914,16281,1144
Chandler.Phillips@fogodechao.co.uk,Chandler,Phillips,02/19/2016 ,Full-time,Kitchen,Ireland,Male,212296,34034,3333
Jefferson.Carlson@fogodechao.co.uk,Jefferson,Carlson,12/12/2014 ,Full-time,Front of house,Ireland,Female,317866,8274,2755
Hill.Coleman@fogodechao.co.uk,Hill,Coleman,07/03/2018 ,Full-time,Management,Ireland,Female,94244,16688,4572
Clark.Schwartz@fogodechao.co.uk,Clark,Schwartz,07/22/2019 ,Full-time,Management,Ireland,Male,211376,33007,3000
Munoz.Chapman@fogodechao.co.uk,Munoz,Chapman,12/14/2018 ,Full-time,Operations,Ireland,Female,311928,21863,949
White.Cox@fogodechao.co.uk,White,Cox,05/16/2013 ,Full-time,Kitchen,Ireland,Female,54334,17504,2094
Guerrero.Hale@fogodechao.co.uk,Guerrero,Hale,09/05/2014 ,Full-time,Kitchen,Ireland,Female,306486,27139,2796
Houston.Larson@fogodechao.co.uk,Houston,Larson,10/21/2012 ,Full-time,Management,Ireland,Male,331819,10311,1524
Wilson.Ellis@fogodechao.co.uk,Wilson,Ellis,10/21/2015 ,Full-time,Kitchen,Ireland,Female,250083,18570,4775
Newman.Adkins@fogodechao.co.uk,Newman,Adkins,10/16/2019 ,Full-time,Management,Ireland,Male,62552,25465,3662
Robertson.Barber@fogodechao.co.uk,Robertson,Barber,01/20/2017 ,Full-time,Front of house,Ireland,Female,53032,17586,494
Green.Armstrong@fogodechao.co.uk,Green,Armstrong,11/28/2017 ,Full-time,Front of house,Ireland,Female,188874,30677,1829
Barton.Bennett@fogodechao.co.uk,Barton,Bennett,09/10/2016 ,Full-time,Operations,Ireland,Male,349799,25355,1330
Daniels.Shelton@fogodechao.co.uk,Daniels,Shelton,11/05/2015 ,Full-time,Management,Ireland,Male,264936,16931,851
Ward.Lynch@fogodechao.co.uk,Ward,Lynch,06/08/2015 ,Full-time,Operations,Ireland,Female,199263,28826,4325
Fletcher.Green@fogodechao.co.uk,Fletcher,Green,07/08/2013 ,Full-time,Operations,Ireland,Female,207746,9006,1289
Yates.Paul@fogodechao.co.uk,Yates,Paul,03/23/2018 ,Full-time,Operations,Ireland,Male,74782,7401,857
Keller.Mills@fogodechao.co.uk,Keller,Mills,03/05/2018 ,Full-time,Operations,Ireland,Female,217574,32146,4468
Shelton.Vaughn@fogodechao.co.uk,Shelton,Vaughn,11/29/2018 ,Full-time,Management,Ireland,Female,79127,13099,4070
Curry.Jefferson@fogodechao.co.uk,Curry,Jefferson,01/11/2016 ,Full-time,Kitchen,Ireland,Female,237687,27169,2010
Dean.Peters@fogodechao.co.uk,Dean,Peters,06/08/2020 ,Full-time,Operations,Ireland,Male,105340,27849,4808
Stephens.Hardy@fogodechao.co.uk,Stephens,Hardy,02/28/2020 ,Full-time,Management,Ireland,Female,130094,14456,2355
French.White@fogodechao.co.uk,French,White,03/08/2017 ,Full-time,Management,Ireland,Male,58961,34406,2581
James.Roy@fogodechao.co.uk,James,Roy,10/23/2019 ,Full-time,Management,Ireland,Female,204162,32014,3831
Hanson.Hicks@fogodechao.co.uk,Hanson,Hicks,04/10/2020 ,Full-time,Operations,Ireland,Female,134911,19680,950
Diaz.Rios@fogodechao.co.uk,Diaz,Rios,12/25/2015 ,Full-time,Front of house,Ireland,Male,119430,5740,277
Nash.Parsons@fogodechao.co.uk,Nash,Parsons,08/07/2017 ,Full-time,Management,Ireland,Male,236512,15063,1021
Collier.Gill@fogodechao.co.uk,Collier,Gill,01/20/2018 ,Full-time,Management,Ireland,Female,111491,30476,1935
Francis.Webb@fogodechao.co.uk,Francis,Webb,08/22/2020 ,Full-time,Management,Ireland,Female,86532,27714,3155
Carson.Higgins@fogodechao.co.uk,Carson,Higgins,12/19/2012 ,Full-time,Front of house,Ireland,Male,266991,6562,1840
Coleman.Stevens@fogodechao.co.uk,Coleman,Stevens,02/08/2019 ,Full-time,Front of house,Ireland,Female,162630,23738,1483
Cummings.Williamson@fogodechao.co.uk,Cummings,Williamson,07/30/2020 ,Full-time,Front of house,Ireland,Female,229966,9164,2653
Pratt.Delgado@fogodechao.co.uk,Pratt,Delgado,07/02/2016 ,Full-time,Kitchen,Ireland,Female,59437,32378,1976
Johnson.Joseph@fogodechao.co.uk,Johnson,Joseph,02/16/2015 ,Full-time,Operations,Ireland,Male,71531,29031,3441
Hammond.Lawson@fogodechao.co.uk,Hammond,Lawson,06/10/2019 ,Full-time,Kitchen,Ireland,Female,153622,34138,2695
Bowen.Henry@fogodechao.co.uk,Bowen,Henry,07/15/2016 ,Full-time,Operations,Ireland,Male,161043,20999,1243
Howard.Holmes@fogodechao.co.uk,Howard,Holmes,11/14/2015 ,Full-time,Kitchen,Ireland,Female,153725,12674,3589
Kelley.Meyer@fogodechao.co.uk,Kelley,Meyer,03/16/2012 ,Full-time,Operations,Ireland,Female,262938,12655,467
Rodriguez.Fletcher@fogodechao.co.uk,Rodriguez,Fletcher,11/02/2013 ,Full-time,Operations,Ireland,Male,313467,23991,2629
Knight.Bowen@fogodechao.co.uk,Knight,Bowen,04/20/2016 ,Full-time,Management,Ireland,Male,320624,6389,4200
Stevenson.Maxwell@fogodechao.co.uk,Stevenson,Maxwell,02/15/2020 ,Full-time,Kitchen,Ireland,Female,78602,34995,2270
Love.Perkins@fogodechao.co.uk,Love,Perkins,04/14/2019 ,Full-time,Kitchen,Ireland,Female,272682,24706,2980
Taylor.Fernandez@fogodechao.co.uk,Taylor,Fernandez,07/27/2014 ,Full-time,Kitchen,Ireland,Male,204357,19880,1809
Holloway.Scott@fogodechao.co.uk,Holloway,Scott,07/05/2015 ,Full-time,Management,Ireland,Female,268755,11513,2495
Fitzgerald.Silva@fogodechao.co.uk,Fitzgerald,Silva,10/22/2019 ,Full-time,Kitchen,Ireland,Female,230971,30455,3241
Hodges.Brady@fogodechao.co.uk,Hodges,Brady,01/21/2016 ,Full-time,Front of house,Ireland,Female,103664,27125,4019
Manning.Walters@fogodechao.co.uk,Manning,Walters,02/05/2020 ,Full-time,Management,Ireland,Male,221805,13651,4205
Spencer.Burton@fogodechao.co.uk,Spencer,Burton,12/14/2012 ,Full-time,Operations,Ireland,Female,147818,15022,3745
Richardson.Jimenez@fogodechao.co.uk,Richardson,Jimenez,03/27/2017 ,Full-time,Kitchen,Ireland,Male,234265,26926,1560
Bass.Myers@fogodechao.co.uk,Bass,Myers,09/24/2019 ,Full-time,Management,Ireland,Female,135852,22191,2716
Harmon.Poole@fogodechao.co.uk,Harmon,Poole,08/05/2013 ,Full-time,Operations,Ireland,Female,137022,24657,649
Simon.Castillo@fogodechao.co.uk,Simon,Castillo,01/19/2014 ,Full-time,Management,Ireland,Male,135720,26717,4329
Hamilton.Caldwell@fogodechao.co.uk,Hamilton,Caldwell,07/02/2012 ,Full-time,Front of house,Ireland,Male,255876,5618,4720
Kennedy.Casey@fogodechao.co.uk,Kennedy,Casey,09/10/2012 ,Full-time,Management,Ireland,Female,240951,28813,1403
Hogan.Hopkins@fogodechao.co.uk,Hogan,Hopkins,04/29/2014 ,Part-time,Operations,Ireland,Female,287293,19474,339
Cooper.Fisher@fogodechao.co.uk,Cooper,Fisher,12/21/2018 ,Part-time,Kitchen,Ireland,Male,140904,14849,4470
Miller.Rodriquez@fogodechao.co.uk,Miller,Rodriquez,04/02/2017 ,Part-time,Front of house,Ireland,Female,50103,10045,1025
Perez.Wells@fogodechao.co.uk,Perez,Wells,01/10/2013 ,Part-time,Kitchen,Ireland,Female,69958,28621,3517
Sharp.Lopez@fogodechao.co.uk,Sharp,Lopez,01/12/2019 ,Part-time,Front of house,Ireland,Female,179187,21921,270
Waters.Gibson@fogodechao.co.uk,Waters,Gibson,12/28/2013 ,Part-time,Operations,Ireland,Male,271386,27846,2243
Barnett.Ruiz@fogodechao.co.uk,Barnett,Ruiz,09/19/2012 ,Part-time,Operations,Ireland,Female,271745,8791,927
Jacobs.Douglas@fogodechao.co.uk,Jacobs,Douglas,11/13/2013 ,Part-time,Management,Ireland,Male,57260,24653,1972
Rose.Frank@fogodechao.co.uk,Rose,Frank,02/14/2015 ,Part-time,Front of house,Ireland,Female,91798,6831,3585
Flowers.Stanley@fogodechao.co.uk,Flowers,Stanley,11/20/2017 ,Part-time,Front of house,Ireland,Female,61831,30166,4429
Holmes.Jordan@fogodechao.co.uk,Holmes,Jordan,11/04/2019 ,Part-time,Management,Ireland,Male,343014,25544,1038
Roy.Torres@fogodechao.co.uk,Roy,Torres,06/12/2016 ,Part-time,Front of house,Ireland,Male,130143,28238,370
Fowler.Gomez@fogodechao.co.uk,Fowler,Gomez,04/17/2015 ,Part-time,Management,Ireland,Female,229567,18487,3106
Murray.Keller@fogodechao.co.uk,Murray,Keller,01/27/2013 ,Part-time,Kitchen,Ireland,Female,109737,16355,1838
Garner.Flowers@fogodechao.co.uk,Garner,Flowers,01/19/2013 ,Part-time,Operations,Ireland,Male,320683,27310,2983
Baldwin.Robinson@fogodechao.co.uk,Baldwin,Robinson,05/30/2019 ,Part-time,Operations,Ireland,Female,170597,16611,602
Moore.Burgess@fogodechao.co.uk,Moore,Burgess,07/05/2015 ,Part-time,Management,Ireland,Female,248551,20689,2613
Bush.Weber@fogodechao.co.uk,Bush,Weber,06/01/2014 ,Part-time,Management,Ireland,Female,72720,6586,1334
Flores.Schneider@fogodechao.co.uk,Flores,Schneider,07/23/2019 ,Part-time,Front of house,Ireland,Male,312880,11560,2666
Harrison.Ramirez@fogodechao.co.uk,Harrison,Ramirez,06/17/2019 ,Part-time,Front of house,Ireland,Female,303524,14754,623
Schneider.Mccormick@fogodechao.co.uk,Schneider,Mccormick,03/11/2015 ,Part-time,Front of house,Ireland,Male,269385,13376,1585
Cunningham.Francis@fogodechao.co.uk,Cunningham,Francis,04/17/2014 ,Part-time,Front of house,Ireland,Female,88211,8047,4339
Smith.Wilkins@fogodechao.co.uk,Smith,Wilkins,11/10/2018 ,Part-time,Operations,Ireland,Female,91783,6291,1979
Walters.Obrien@fogodechao.co.uk,Walters,Obrien,02/05/2014 ,Part-time,Kitchen,Ireland,Male,296455,10718,842
Lowe.Harrison@fogodechao.co.uk,Lowe,Harrison,06/10/2015 ,Part-time,Management,Ireland,Male,229125,19861,3175
Webb.Lyons@fogodechao.co.uk,Webb,Lyons,12/22/2015 ,Part-time,Management,Ireland,Female,104578,27751,2714
Morris.Russell@fogodechao.co.uk,Morris,Russell,03/17/2014 ,Part-time,Operations,Ireland,Female,216181,23925,4707
Craig.Weaver@fogodechao.co.uk,Craig,Weaver,11/01/2018 ,Part-time,Kitchen,Ireland,Male,123049,16466,4599
Fields.Mathis@fogodechao.co.uk,Fields,Mathis,11/16/2013 ,Part-time,Operations,Ireland,Female,201564,8689,1490
Thornton.Lee@fogodechao.co.uk,Thornton,Lee,01/11/2015 ,Part-time,Operations,Ireland,Female,269406,30049,2257
Ortega.Curry@fogodechao.co.uk,Ortega,Curry,10/15/2014 ,Part-time,Kitchen,Ireland,Female,275310,29967,2068
Rodriquez.Warren@fogodechao.co.uk,Rodriquez,Warren,07/11/2017 ,Part-time,Kitchen,Ireland,Male,80885,14631,3436
Carlson.Berry@fogodechao.co.uk,Carlson,Berry,06/14/2013 ,Part-time,Management,Ireland,Female,116328,31783,3398
Dunn.Barrett@fogodechao.co.uk,Dunn,Barrett,12/30/2018 ,Part-time,Kitchen,Ireland,Male,160373,21618,2689
Welch.Erickson@fogodechao.co.uk,Welch,Erickson,09/18/2018 ,Part-time,Management,Ireland,Female,271181,15840,1891
Mclaughlin.Mccoy@fogodechao.co.uk,Mclaughlin,Mccoy,04/06/2013 ,Part-time,Front of house,Ireland,Female,295939,19463,4714
Baker.Carroll@fogodechao.co.uk,Baker,Carroll,09/03/2018 ,Part-time,Management,Ireland,Male,232747,9852,1001
Long.Cummings@fogodechao.co.uk,Long,Cummings,02/09/2012 ,Part-time,Management,Ireland,Male,187425,5075,1155
Pittman.Alvarez@fogodechao.co.uk,Pittman,Alvarez,05/23/2017 ,Part-time,Operations,Ireland,Female,307176,19916,2917
Ramsey.Sullivan@fogodechao.co.uk,Ramsey,Sullivan,03/26/2020 ,Part-time,Operations,Ireland,Female,73006,21539,3771
Mendez.Pena@fogodechao.co.uk,Mendez,Pena,03/21/2016 ,Part-time,Operations,Australia,Male,173595,10856,1640
Elliott.Ballard@fogodechao.co.uk,Elliott,Ballard,02/15/2013 ,Part-time,Front of house,Australia,Female,64690,20326,1650
Mason.Warner@fogodechao.co.uk,Mason,Warner,04/29/2017 ,Part-time,Kitchen,Australia,Female,346570,8748,784
Collins.Chambers@fogodechao.co.uk,Collins,Chambers,06/22/2014 ,Part-time,Kitchen,Australia,Female,218987,19603,708
Wise.Ramsey@fogodechao.co.uk,Wise,Ramsey,12/11/2014 ,Part-time,Kitchen,Australia,Male,143319,21401,436
Bennett.Ramos@fogodechao.co.uk,Bennett,Ramos,04/24/2017 ,Part-time,Kitchen,Australia,Female,192684,29510,4935
Ferguson.Gardner@fogodechao.co.uk,Ferguson,Gardner,04/14/2019 ,Part-time,Operations,Australia,Male,80036,23089,2287
Roberson.Kelly@fogodechao.co.uk,Roberson,Kelly,02/23/2013 ,Part-time,Operations,Australia,Female,165258,24430,3376
Cohen.Hogan@fogodechao.co.uk,Cohen,Hogan,06/22/2017 ,Part-time,Management,Australia,Female,83105,24894,1164
Patterson.Stone@fogodechao.co.uk,Patterson,Stone,09/17/2020 ,Part-time,Front of house,Australia,Male,52739,22596,4965
Estrada.Marsh@fogodechao.co.uk,Estrada,Marsh,11/21/2018 ,Part-time,Management,Australia,Male,99762,34803,3000
Berry.Collier@fogodechao.co.uk,Berry,Collier,11/08/2012 ,Part-time,Management,Australia,Female,160206,26416,1973
Fleming.Love@fogodechao.co.uk,Fleming,Love,11/27/2013 ,Part-time,Kitchen,Australia,Female,70460,21167,3202
Phillips.Thomas@fogodechao.co.uk,Phillips,Thomas,02/03/2019 ,Part-time,Front of house,Australia,Male,105191,23098,3594
Reyes.Alexander@fogodechao.co.uk,Reyes,Alexander,11/10/2015 ,Part-time,Operations,Australia,Female,309949,16325,2454
Pearson.Brewer@fogodechao.co.uk,Pearson,Brewer,11/17/2019 ,Part-time,Kitchen,Australia,Female,106170,27608,4424
Drake.Price@fogodechao.co.uk,Drake,Price,11/11/2015 ,Part-time,Operations,Australia,Female,238073,31410,267
Lambert.Hines@fogodechao.co.uk,Lambert,Hines,05/09/2016 ,Part-time,Management,Australia,Male,157942,18549,1219
Todd.Hanson@fogodechao.co.uk,Todd,Hanson,01/26/2019 ,Part-time,Kitchen,Australia,Female,323959,23241,1458
Malone.Sutton@fogodechao.co.uk,Malone,Sutton,03/18/2013 ,Part-time,Front of house,Australia,Male,338538,30417,3405
Chapman.Wong@fogodechao.co.uk,Chapman,Wong,03/13/2015 ,Part-time,Operations,Australia,Female,169484,9379,4414
Cortez.Olson@fogodechao.co.uk,Cortez,Olson,08/05/2014 ,Part-time,Management,Australia,Female,159490,26981,2952
Marsh.Patton@fogodechao.co.uk,Marsh,Patton,06/21/2016 ,Part-time,Front of house,Australia,Male,170869,29481,4053
Tate.Moreno@fogodechao.co.uk,Tate,Moreno,08/14/2017 ,Part-time,Kitchen,Australia,Male,189518,28956,4006
Price.Cannon@fogodechao.co.uk,Price,Cannon,06/24/2015 ,Part-time,Front of house,Australia,Female,75341,27644,2877
Casey.Chandler@fogodechao.co.uk,Casey,Chandler,04/27/2018 ,Part-time,Operations,Australia,Female,110080,13813,1744
Poole.Holland@fogodechao.co.uk,Poole,Holland,12/08/2013 ,Part-time,Operations,Australia,Male,178314,29726,1618
Soto.Perry@fogodechao.co.uk,Soto,Perry,03/24/2020 ,Part-time,Kitchen,Australia,Female,182884,15105,867
Warren.Rivera@fogodechao.co.uk,Warren,Rivera,05/17/2015 ,Part-time,Operations,Australia,Female,54768,26439,931
Zimmerman.Graham@fogodechao.co.uk,Zimmerman,Graham,08/03/2013 ,Part-time,Kitchen,Australia,Female,202925,34579,574
Dixon.Byrd@fogodechao.co.uk,Dixon,Byrd,06/06/2014 ,Part-time,Management,Australia,Male,152659,5794,514
Payne.Garner@fogodechao.co.uk,Payne,Garner,07/18/2013 ,Part-time,Front of house,Australia,Female,193309,17570,1855
Glover.Kennedy@fogodechao.co.uk,Glover,Kennedy,06/15/2015 ,Part-time,Management,Australia,Male,317365,5977,773
Burton.Adams@fogodechao.co.uk,Burton,Adams,03/26/2018 ,Contractor,Operations,Australia,Female,73542,6374,4548
Morales.Brock@fogodechao.co.uk,Morales,Brock,08/26/2018 ,Contractor,Front of house,Australia,Female,192956,23152,2107
Roberts.Murray@fogodechao.co.uk,Roberts,Murray,03/28/2014 ,Contractor,Kitchen,Australia,Male,337124,15946,2296
Edwards.Parks@fogodechao.co.uk,Edwards,Parks,08/04/2012 ,Contractor,Operations,Australia,Male,160533,6878,1551
Quinn.Fleming@fogodechao.co.uk,Quinn,Fleming,05/11/2019 ,Contractor,Operations,Australia,Female,344761,27008,3606
Wolfe.Ingram@fogodechao.co.uk,Wolfe,Ingram,04/19/2020 ,Contractor,Operations,Australia,Female,330683,21025,729
Wilkins.Taylor@fogodechao.co.uk,Wilkins,Taylor,12/02/2014 ,Contractor,Operations,Australia,Male,243445,13772,3413
Mcbride.Porter@fogodechao.co.uk,Mcbride,Porter,07/17/2017 ,Contractor,Front of house,Australia,Female,294817,10908,698
Ramirez.Becker@fogodechao.co.uk,Ramirez,Becker,11/05/2019 ,Contractor,Management,Australia,Female,100309,23582,868
Ellis.Nichols@fogodechao.co.uk,Ellis,Nichols,09/13/2019 ,Contractor,Operations,Australia,Female,284815,22778,750
Graham.Steele@fogodechao.co.uk,Graham,Steele,02/11/2019 ,Contractor,Operations,Australia,Male,192416,31748,4053
Weber.Ball@fogodechao.co.uk,Weber,Ball,09/16/2015 ,Contractor,Operations,Australia,Female,88459,22095,3526
Gutierrez.Williams@fogodechao.co.uk,Gutierrez,Williams,07/12/2017 ,Contractor,Kitchen,Australia,Male,136797,15294,2543
Ryan.Malone@fogodechao.co.uk,Ryan,Malone,12/28/2012 ,Contractor,Kitchen,Australia,Female,127889,14426,396
Little.Ross@fogodechao.co.uk,Little,Ross,01/29/2012 ,Contractor,Front of house,Australia,Female,301039,27127,3442
Moody.Reeves@fogodechao.co.uk,Moody,Reeves,01/03/2014 ,Contractor,Operations,Australia,Male,171084,22890,2732
Cross.Hart@fogodechao.co.uk,Cross,Hart,05/22/2018 ,Contractor,Management,Australia,Male,132455,22140,2741
Mann.Reed@fogodechao.co.uk,Mann,Reed,07/22/2020 ,Contractor,Management,Australia,Female,253864,19273,1613
Logan.Fitzgerald@fogodechao.co.uk,Logan,Fitzgerald,01/03/2020 ,Contractor,Management,Australia,Female,337698,27842,2916
Delgado.Freeman@fogodechao.co.uk,Delgado,Freeman,01/04/2014 ,Contractor,Operations,Australia,Male,134077,25805,761
Hall.Manning@fogodechao.co.uk,Hall,Manning,07/30/2014 ,Contractor,Operations,Australia,Female,203466,28283,602
Wright.Dean@fogodechao.co.uk,Wright,Dean,09/22/2019 ,Contractor,Front of house,Australia,Female,61399,6773,1416
Hampton.Franklin@fogodechao.co.uk,Hampton,Franklin,08/13/2015 ,Contractor,Management,Australia,Female,205201,32879,2854
Page.Bates@fogodechao.co.uk,Page,Bates,01/05/2020 ,Contractor,Kitchen,Australia,Male,117211,19377,3799
Richards.Osborne@fogodechao.co.uk,Richards,Osborne,04/22/2019 ,Contractor,Front of house,Australia,Female,209394,21157,4715
Norton.Jennings@fogodechao.co.uk,Norton,Jennings,10/01/2016 ,Contractor,Management,Australia,Male,285287,18639,3312
Mccarthy.Hughes@fogodechao.co.uk,Mccarthy,Hughes,10/31/2014 ,Contractor,Kitchen,Australia,Female,250387,8361,782
Douglas.Sherman@fogodechao.co.uk,Douglas,Sherman,02/27/2014 ,Contractor,Kitchen,Australia,Female,116267,25993,1106
Ross.Stewart@fogodechao.co.uk,Ross,Stewart,12/29/2016 ,Contractor,Kitchen,Australia,Male,294677,25963,2147
Copeland.Walker@fogodechao.co.uk,Copeland,Walker,12/17/2019 ,Contractor,Front of house,Australia,Male,172228,12770,3782
Fernandez.Murphy@fogodechao.co.uk,Fernandez,Murphy,01/08/2015 ,Contractor,Management,Australia,Female,191741,20891,1151
Paul.Gonzales@fogodechao.co.uk,Paul,Gonzales,06/19/2015 ,Contractor,Operations,Australia,Female,316342,34015,2157
Torres.Bowers@fogodechao.co.uk,Torres,Bowers,03/07/2016 ,Contractor,Management,Australia,Male,57788,13548,3740
Hunt.Harmon@fogodechao.co.uk,Hunt,Harmon,10/07/2013 ,Contractor,Front of house,Australia,Female,192194,30397,3426
Turner.Richardson@fogodechao.co.uk,Turner,Richardson,08/02/2017 ,Contractor,Front of house,Australia,Female,171802,14400,2995
Frank.Cooper@fogodechao.co.uk,Frank,Cooper,09/11/2014 ,Contractor,Front of house,Australia,Female,150741,34978,1748
Figueroa.Rogers@fogodechao.co.uk,Figueroa,Rogers,12/01/2013 ,Contractor,Management,Australia,Male,283040,8669,1896
Scott.Lawrence@fogodechao.co.uk,Scott,Lawrence,10/04/2020 ,Contractor,Management,Australia,Female,171259,7328,1463
Burgess.Arnold@fogodechao.co.uk,Burgess,Arnold,05/20/2016 ,Contractor,Management,Australia,Male,235484,23449,4808
Oliver.Barker@fogodechao.co.uk,Oliver,Barker,07/17/2013 ,Contractor,Front of house,Australia,Female,224871,19670,2120
Williams.Collins@fogodechao.co.uk,Williams,Collins,04/07/2015 ,Contractor,Management,Australia,Female,312415,10752,1839
Lawson.Colon@fogodechao.co.uk,Lawson,Colon,11/24/2015 ,Contractor,Kitchen,Australia,Male,231366,17073,4573
Massey.Jensen@fogodechao.co.uk,Massey,Jensen,11/24/2016 ,Contractor,Management,Australia,Male,249495,9593,4572
Reed.Copeland@fogodechao.co.uk,Reed,Copeland,04/15/2020 ,Contractor,Management,Australia,Female,207218,10113,3977
Fuller.Conner@fogodechao.co.uk,Fuller,Conner,07/26/2012 ,Contractor,Operations,Australia,Female,318585,23873,4933
Sparks.Hansen@fogodechao.co.uk,Sparks,Hansen,04/22/2017 ,Contractor,Management,Australia,Male,122412,20703,1720
Gross.Terry@fogodechao.co.uk,Gross,Terry,04/13/2016 ,Contractor,Management,Australia,Female,263984,8960,3602
Davidson.Mckinney@fogodechao.co.uk,Davidson,Mckinney,08/09/2019 ,Contractor,Operations,Australia,Female,282718,12436,4005
Rios.Doyle@fogodechao.co.uk,Rios,Doyle,07/18/2013 ,Contractor,Operations,Australia,Female,186102,27899,2789
Thompson.Dunn@fogodechao.co.uk,Thompson,Dunn,04/11/2015 ,Contractor,Front of house,Australia,Male,346210,25285,2930
Reid.Harper@fogodechao.co.uk,Reid,Harper,03/04/2018 ,Contractor,Front of house,Australia,Female,112886,12759,3054
Garrett.Burke@fogodechao.co.uk,Garrett,Burke,07/14/2018 ,Contractor,Front of house,Australia,Male,204969,9291,4816
Pope.Graves@fogodechao.co.uk,Pope,Graves,07/27/2019 ,Contractor,Kitchen,Australia,Female,165337,19547,4351
Lyons.Day@fogodechao.co.uk,Lyons,Day,03/26/2012 ,Contractor,Management,Australia,Female,342380,29532,886
Clayton.Roberts@fogodechao.co.uk,Clayton,Roberts,07/18/2016 ,Contractor,Management,Australia,Male,245254,10709,516
Rodgers.Luna@fogodechao.co.uk,Rodgers,Luna,01/21/2020 ,Contractor,Front of house,Australia,Male,132308,20735,1930
Beck.Miller@fogodechao.co.uk,Beck,Miller,02/02/2012 ,Contractor,Kitchen,Australia,Female,51415,23458,3449
Gibson.Simpson@fogodechao.co.uk,Gibson,Simpson,03/08/2015 ,Contractor,Front of house,Australia,Female,290697,23043,4329
Kelly.Ryan@fogodechao.co.uk,Kelly,Ryan,01/28/2013 ,Contractor,Front of house,Australia,Male,90746,27218,1120
Montgomery.Moran@fogodechao.co.uk,Montgomery,Moran,02/14/2020 ,Contractor,Front of house,Australia,Female,343076,6146,2619
Perry.Jenkins@fogodechao.co.uk,Perry,Jenkins,03/20/2013 ,Contractor,Operations,Australia,Female,144694,11831,4493
Mcgee.Barnett@fogodechao.co.uk,Mcgee,Barnett,12/30/2013 ,Contractor,Kitchen,Australia,Female,140263,22159,2673
Thomas.Hayes@fogodechao.co.uk,Thomas,Hayes,09/15/2012 ,Contractor,Operations,Australia,Male,142309,28991,2740
Griffith.Powers@fogodechao.co.uk,Griffith,Powers,05/03/2018 ,Contractor,Management,Australia,Female,134709,28457,3635
Castro.Vargas@fogodechao.co.uk,Castro,Vargas,06/17/2019 ,Contractor,Management,Australia,Male,139486,17795,3074
Powell.Dennis@fogodechao.co.uk,Powell,Dennis,08/28/2012 ,Contractor,Front of house,Australia,Female,247711,6329,3226
Gregory.Owens@fogodechao.co.uk,Gregory,Owens,07/20/2018 ,Contractor,Front of house,Australia,Female,314478,11723,2553
Steele.Daniels@fogodechao.co.uk,Steele,Daniels,02/02/2020 ,Contractor,Operations,Australia,Male,96300,24893,3547
Lee.Summers@fogodechao.co.uk,Lee,Summers,08/02/2019 ,Contractor,Kitchen,Australia,Male,169664,17514,1598
Goodwin.King@fogodechao.co.uk,Goodwin,King,10/05/2019 ,Contractor,Management,Australia,Female,75334,20863,3194
Mills.Nash@fogodechao.co.uk,Mills,Nash,05/15/2018 ,Contractor,Management,Australia,Female,138903,8933,2914
Bishop.Leonard@fogodechao.co.uk,Bishop,Leonard,09/19/2013 ,Contractor,Kitchen,Australia,Male,341123,17105,4199
Cruz.French@fogodechao.co.uk,Cruz,French,05/26/2014 ,Contractor,Operations,Australia,Female,63943,31768,1805
Dawson.Abbott@fogodechao.co.uk,Dawson,Abbott,12/11/2019 ,Contractor,Kitchen,Australia,Female,133634,12069,1034
Barber.Mendez@fogodechao.co.uk,Barber,Mendez,12/08/2013 ,Contractor,Front of house,Australia,Female,250427,27293,4326